"item","count","station_id_tally","date_tally","material","filename","num_buckets","bucket_size_gallons","num_bags","bag_size_gallons","total_small","units_small","large_volume","units_large","station_id_volume","station_id_vegetatedcondition","date_vegetated","banks_percent_ground_cover","banks_percent_understory","banks_percent_trees_roots","banks_percent_bare_ground","banks_percent_total","channel_percent_woody_debris","channel_percent_aquatic_vegetation","channel_percent_algae","channel_percent_no_vegetation_or_woody_debris","channel_percent_total","comments_vegetation","station_id_trashassessment","site_description","site_type","field_crew","date","start_time","start_am_pm","end_time","end_am_pm","start_latitude","end_latitude","start_longitude","end_longitude","watershed","datum","left_bank_access","left_bank_facing","right_bank_access","right_bank_facing","channel_type_1","channel_type_2","channel_type_3","channel_type_4","channel_type_other","is_stream_flowing","reach_length","reach_length_units","wetted_width_a","wetted_width_b","wetted_width_c","wetted_width_units","bankfull_width_a","bankfull_width_b","bankfull_width_c","bankfull_width_units","assessment_width_a","assessment_width_b","assessment_width_c","assessment_width_units","was_trash_picked_up","number_outfalls","outfall_diameter_1","outfall_diameter_2","outfall_diameter_3","outfall_diameter_4","outfall_trash_1","outfall_trash_2","outfall_trash_3","outfall_trash_4","outfall_trash_amount_1","outfall_trash_amount_2","outfall_trash_amount_3","outfall_trash_amount_4","homeless_encampment_in_200_m","comments"
"Bag - reusable",0,"33.0","44513.0","Plastic","Site 33_11-13-2021/Data for Site #33 11-13-21.xlsx","0.25","1.0",NA,NA,"0.25","GALLONS",NA,"   ft3","33.0","33.0","44513.0","0.15","0.75","0.1","0.0","1","0.05","0.15","0.0","0.8","1",NA,"33.0","Downstream of Castro Racnh Rd EBMUD (3rd of 3 by this team)","probabilistic","Mary, Ann, Damien, Megan","44513.0","0.4791666666666667","AM","0.5","AM","37.9752","37.9749","-122.2502","-122.2501","Pinole Creek","GoogleEarth (NAD 83)","HARD","(Facing Downstream)","HARD","(Facing Downstream)","Natural","No addtional types","No addtional types","No addtional types","no others","YES","98.0","ft","7.667","8.333","3.0","ft","32.667","23.91666667","34.0","ft","32.667","23.91666667","34.0","ft","YES","0.0","no outfalls = or >18""","no outfalls = or >18""","no outfalls = or >18""","no outfalls = or >18""","NO","NO","NO","NO","no trash","no trash","no trash","no trash","NO",NA
"Bag - single use",0,"33.0","44513.0","Plastic","Site 33_11-13-2021/Data for Site #33 11-13-21.xlsx","0.25","1.0",NA,NA,"0.25","GALLONS",NA,"   ft3","33.0","33.0","44513.0","0.15","0.75","0.1","0.0","1","0.05","0.15","0.0","0.8","1",NA,"33.0","Downstream of Castro Racnh Rd EBMUD (3rd of 3 by this team)","probabilistic","Mary, Ann, Damien, Megan","44513.0","0.4791666666666667","AM","0.5","AM","37.9752","37.9749","-122.2502","-122.2501","Pinole Creek","GoogleEarth (NAD 83)","HARD","(Facing Downstream)","HARD","(Facing Downstream)","Natural","No addtional types","No addtional types","No addtional types","no others","YES","98.0","ft","7.667","8.333","3.0","ft","32.667","23.91666667","34.0","ft","32.667","23.91666667","34.0","ft","YES","0.0","no outfalls = or >18""","no outfalls = or >18""","no outfalls = or >18""","no outfalls = or >18""","NO","NO","NO","NO","no trash","no trash","no trash","no trash","NO",NA
"Bag Pieces*",0,"33.0","44513.0","Plastic","Site 33_11-13-2021/Data for Site #33 11-13-21.xlsx","0.25","1.0",NA,NA,"0.25","GALLONS",NA,"   ft3","33.0","33.0","44513.0","0.15","0.75","0.1","0.0","1","0.05","0.15","0.0","0.8","1",NA,"33.0","Downstream of Castro Racnh Rd EBMUD (3rd of 3 by this team)","probabilistic","Mary, Ann, Damien, Megan","44513.0","0.4791666666666667","AM","0.5","AM","37.9752","37.9749","-122.2502","-122.2501","Pinole Creek","GoogleEarth (NAD 83)","HARD","(Facing Downstream)","HARD","(Facing Downstream)","Natural","No addtional types","No addtional types","No addtional types","no others","YES","98.0","ft","7.667","8.333","3.0","ft","32.667","23.91666667","34.0","ft","32.667","23.91666667","34.0","ft","YES","0.0","no outfalls = or >18""","no outfalls = or >18""","no outfalls = or >18""","no outfalls = or >18""","NO","NO","NO","NO","no trash","no trash","no trash","no trash","NO",NA
"Balloons",0,"33.0","44513.0","Plastic","Site 33_11-13-2021/Data for Site #33 11-13-21.xlsx","0.25","1.0",NA,NA,"0.25","GALLONS",NA,"   ft3","33.0","33.0","44513.0","0.15","0.75","0.1","0.0","1","0.05","0.15","0.0","0.8","1",NA,"33.0","Downstream of Castro Racnh Rd EBMUD (3rd of 3 by this team)","probabilistic","Mary, Ann, Damien, Megan","44513.0","0.4791666666666667","AM","0.5","AM","37.9752","37.9749","-122.2502","-122.2501","Pinole Creek","GoogleEarth (NAD 83)","HARD","(Facing Downstream)","HARD","(Facing Downstream)","Natural","No addtional types","No addtional types","No addtional types","no others","YES","98.0","ft","7.667","8.333","3.0","ft","32.667","23.91666667","34.0","ft","32.667","23.91666667","34.0","ft","YES","0.0","no outfalls = or >18""","no outfalls = or >18""","no outfalls = or >18""","no outfalls = or >18""","NO","NO","NO","NO","no trash","no trash","no trash","no trash","NO",NA
"Beverage Bottles",2,"33.0","44513.0","Plastic","Site 33_11-13-2021/Data for Site #33 11-13-21.xlsx","0.25","1.0",NA,NA,"0.25","GALLONS",NA,"   ft3","33.0","33.0","44513.0","0.15","0.75","0.1","0.0","1","0.05","0.15","0.0","0.8","1",NA,"33.0","Downstream of Castro Racnh Rd EBMUD (3rd of 3 by this team)","probabilistic","Mary, Ann, Damien, Megan","44513.0","0.4791666666666667","AM","0.5","AM","37.9752","37.9749","-122.2502","-122.2501","Pinole Creek","GoogleEarth (NAD 83)","HARD","(Facing Downstream)","HARD","(Facing Downstream)","Natural","No addtional types","No addtional types","No addtional types","no others","YES","98.0","ft","7.667","8.333","3.0","ft","32.667","23.91666667","34.0","ft","32.667","23.91666667","34.0","ft","YES","0.0","no outfalls = or >18""","no outfalls = or >18""","no outfalls = or >18""","no outfalls = or >18""","NO","NO","NO","NO","no trash","no trash","no trash","no trash","NO",NA
"Chip Bags",0,"33.0","44513.0","Plastic","Site 33_11-13-2021/Data for Site #33 11-13-21.xlsx","0.25","1.0",NA,NA,"0.25","GALLONS",NA,"   ft3","33.0","33.0","44513.0","0.15","0.75","0.1","0.0","1","0.05","0.15","0.0","0.8","1",NA,"33.0","Downstream of Castro Racnh Rd EBMUD (3rd of 3 by this team)","probabilistic","Mary, Ann, Damien, Megan","44513.0","0.4791666666666667","AM","0.5","AM","37.9752","37.9749","-122.2502","-122.2501","Pinole Creek","GoogleEarth (NAD 83)","HARD","(Facing Downstream)","HARD","(Facing Downstream)","Natural","No addtional types","No addtional types","No addtional types","no others","YES","98.0","ft","7.667","8.333","3.0","ft","32.667","23.91666667","34.0","ft","32.667","23.91666667","34.0","ft","YES","0.0","no outfalls = or >18""","no outfalls = or >18""","no outfalls = or >18""","no outfalls = or >18""","NO","NO","NO","NO","no trash","no trash","no trash","no trash","NO",NA
"Cigar Tips",0,"33.0","44513.0","Plastic","Site 33_11-13-2021/Data for Site #33 11-13-21.xlsx","0.25","1.0",NA,NA,"0.25","GALLONS",NA,"   ft3","33.0","33.0","44513.0","0.15","0.75","0.1","0.0","1","0.05","0.15","0.0","0.8","1",NA,"33.0","Downstream of Castro Racnh Rd EBMUD (3rd of 3 by this team)","probabilistic","Mary, Ann, Damien, Megan","44513.0","0.4791666666666667","AM","0.5","AM","37.9752","37.9749","-122.2502","-122.2501","Pinole Creek","GoogleEarth (NAD 83)","HARD","(Facing Downstream)","HARD","(Facing Downstream)","Natural","No addtional types","No addtional types","No addtional types","no others","YES","98.0","ft","7.667","8.333","3.0","ft","32.667","23.91666667","34.0","ft","32.667","23.91666667","34.0","ft","YES","0.0","no outfalls = or >18""","no outfalls = or >18""","no outfalls = or >18""","no outfalls = or >18""","NO","NO","NO","NO","no trash","no trash","no trash","no trash","NO",NA
"Cigarette Butts",0,"33.0","44513.0","Plastic","Site 33_11-13-2021/Data for Site #33 11-13-21.xlsx","0.25","1.0",NA,NA,"0.25","GALLONS",NA,"   ft3","33.0","33.0","44513.0","0.15","0.75","0.1","0.0","1","0.05","0.15","0.0","0.8","1",NA,"33.0","Downstream of Castro Racnh Rd EBMUD (3rd of 3 by this team)","probabilistic","Mary, Ann, Damien, Megan","44513.0","0.4791666666666667","AM","0.5","AM","37.9752","37.9749","-122.2502","-122.2501","Pinole Creek","GoogleEarth (NAD 83)","HARD","(Facing Downstream)","HARD","(Facing Downstream)","Natural","No addtional types","No addtional types","No addtional types","no others","YES","98.0","ft","7.667","8.333","3.0","ft","32.667","23.91666667","34.0","ft","32.667","23.91666667","34.0","ft","YES","0.0","no outfalls = or >18""","no outfalls = or >18""","no outfalls = or >18""","no outfalls = or >18""","NO","NO","NO","NO","no trash","no trash","no trash","no trash","NO",NA
"Cigarette - Electronic",0,"33.0","44513.0","Plastic","Site 33_11-13-2021/Data for Site #33 11-13-21.xlsx","0.25","1.0",NA,NA,"0.25","GALLONS",NA,"   ft3","33.0","33.0","44513.0","0.15","0.75","0.1","0.0","1","0.05","0.15","0.0","0.8","1",NA,"33.0","Downstream of Castro Racnh Rd EBMUD (3rd of 3 by this team)","probabilistic","Mary, Ann, Damien, Megan","44513.0","0.4791666666666667","AM","0.5","AM","37.9752","37.9749","-122.2502","-122.2501","Pinole Creek","GoogleEarth (NAD 83)","HARD","(Facing Downstream)","HARD","(Facing Downstream)","Natural","No addtional types","No addtional types","No addtional types","no others","YES","98.0","ft","7.667","8.333","3.0","ft","32.667","23.91666667","34.0","ft","32.667","23.91666667","34.0","ft","YES","0.0","no outfalls = or >18""","no outfalls = or >18""","no outfalls = or >18""","no outfalls = or >18""","NO","NO","NO","NO","no trash","no trash","no trash","no trash","NO",NA
"Container Cap/Pieces",0,"33.0","44513.0","Plastic","Site 33_11-13-2021/Data for Site #33 11-13-21.xlsx","0.25","1.0",NA,NA,"0.25","GALLONS",NA,"   ft3","33.0","33.0","44513.0","0.15","0.75","0.1","0.0","1","0.05","0.15","0.0","0.8","1",NA,"33.0","Downstream of Castro Racnh Rd EBMUD (3rd of 3 by this team)","probabilistic","Mary, Ann, Damien, Megan","44513.0","0.4791666666666667","AM","0.5","AM","37.9752","37.9749","-122.2502","-122.2501","Pinole Creek","GoogleEarth (NAD 83)","HARD","(Facing Downstream)","HARD","(Facing Downstream)","Natural","No addtional types","No addtional types","No addtional types","no others","YES","98.0","ft","7.667","8.333","3.0","ft","32.667","23.91666667","34.0","ft","32.667","23.91666667","34.0","ft","YES","0.0","no outfalls = or >18""","no outfalls = or >18""","no outfalls = or >18""","no outfalls = or >18""","NO","NO","NO","NO","no trash","no trash","no trash","no trash","NO",NA
"Cups",0,"33.0","44513.0","Plastic","Site 33_11-13-2021/Data for Site #33 11-13-21.xlsx","0.25","1.0",NA,NA,"0.25","GALLONS",NA,"   ft3","33.0","33.0","44513.0","0.15","0.75","0.1","0.0","1","0.05","0.15","0.0","0.8","1",NA,"33.0","Downstream of Castro Racnh Rd EBMUD (3rd of 3 by this team)","probabilistic","Mary, Ann, Damien, Megan","44513.0","0.4791666666666667","AM","0.5","AM","37.9752","37.9749","-122.2502","-122.2501","Pinole Creek","GoogleEarth (NAD 83)","HARD","(Facing Downstream)","HARD","(Facing Downstream)","Natural","No addtional types","No addtional types","No addtional types","no others","YES","98.0","ft","7.667","8.333","3.0","ft","32.667","23.91666667","34.0","ft","32.667","23.91666667","34.0","ft","YES","0.0","no outfalls = or >18""","no outfalls = or >18""","no outfalls = or >18""","no outfalls = or >18""","NO","NO","NO","NO","no trash","no trash","no trash","no trash","NO",NA
"Foam Cups",0,"33.0","44513.0","Plastic","Site 33_11-13-2021/Data for Site #33 11-13-21.xlsx","0.25","1.0",NA,NA,"0.25","GALLONS",NA,"   ft3","33.0","33.0","44513.0","0.15","0.75","0.1","0.0","1","0.05","0.15","0.0","0.8","1",NA,"33.0","Downstream of Castro Racnh Rd EBMUD (3rd of 3 by this team)","probabilistic","Mary, Ann, Damien, Megan","44513.0","0.4791666666666667","AM","0.5","AM","37.9752","37.9749","-122.2502","-122.2501","Pinole Creek","GoogleEarth (NAD 83)","HARD","(Facing Downstream)","HARD","(Facing Downstream)","Natural","No addtional types","No addtional types","No addtional types","no others","YES","98.0","ft","7.667","8.333","3.0","ft","32.667","23.91666667","34.0","ft","32.667","23.91666667","34.0","ft","YES","0.0","no outfalls = or >18""","no outfalls = or >18""","no outfalls = or >18""","no outfalls = or >18""","NO","NO","NO","NO","no trash","no trash","no trash","no trash","NO",NA
"Foam Food Containers",0,"33.0","44513.0","Plastic","Site 33_11-13-2021/Data for Site #33 11-13-21.xlsx","0.25","1.0",NA,NA,"0.25","GALLONS",NA,"   ft3","33.0","33.0","44513.0","0.15","0.75","0.1","0.0","1","0.05","0.15","0.0","0.8","1",NA,"33.0","Downstream of Castro Racnh Rd EBMUD (3rd of 3 by this team)","probabilistic","Mary, Ann, Damien, Megan","44513.0","0.4791666666666667","AM","0.5","AM","37.9752","37.9749","-122.2502","-122.2501","Pinole Creek","GoogleEarth (NAD 83)","HARD","(Facing Downstream)","HARD","(Facing Downstream)","Natural","No addtional types","No addtional types","No addtional types","no others","YES","98.0","ft","7.667","8.333","3.0","ft","32.667","23.91666667","34.0","ft","32.667","23.91666667","34.0","ft","YES","0.0","no outfalls = or >18""","no outfalls = or >18""","no outfalls = or >18""","no outfalls = or >18""","NO","NO","NO","NO","no trash","no trash","no trash","no trash","NO",NA
"Foam Other Containers",1,"33.0","44513.0","Plastic","Site 33_11-13-2021/Data for Site #33 11-13-21.xlsx","0.25","1.0",NA,NA,"0.25","GALLONS",NA,"   ft3","33.0","33.0","44513.0","0.15","0.75","0.1","0.0","1","0.05","0.15","0.0","0.8","1",NA,"33.0","Downstream of Castro Racnh Rd EBMUD (3rd of 3 by this team)","probabilistic","Mary, Ann, Damien, Megan","44513.0","0.4791666666666667","AM","0.5","AM","37.9752","37.9749","-122.2502","-122.2501","Pinole Creek","GoogleEarth (NAD 83)","HARD","(Facing Downstream)","HARD","(Facing Downstream)","Natural","No addtional types","No addtional types","No addtional types","no others","YES","98.0","ft","7.667","8.333","3.0","ft","32.667","23.91666667","34.0","ft","32.667","23.91666667","34.0","ft","YES","0.0","no outfalls = or >18""","no outfalls = or >18""","no outfalls = or >18""","no outfalls = or >18""","NO","NO","NO","NO","no trash","no trash","no trash","no trash","NO",NA
"Foam Pieces/Balls/Pellets/Peanuts*",0,"33.0","44513.0","Plastic","Site 33_11-13-2021/Data for Site #33 11-13-21.xlsx","0.25","1.0",NA,NA,"0.25","GALLONS",NA,"   ft3","33.0","33.0","44513.0","0.15","0.75","0.1","0.0","1","0.05","0.15","0.0","0.8","1",NA,"33.0","Downstream of Castro Racnh Rd EBMUD (3rd of 3 by this team)","probabilistic","Mary, Ann, Damien, Megan","44513.0","0.4791666666666667","AM","0.5","AM","37.9752","37.9749","-122.2502","-122.2501","Pinole Creek","GoogleEarth (NAD 83)","HARD","(Facing Downstream)","HARD","(Facing Downstream)","Natural","No addtional types","No addtional types","No addtional types","no others","YES","98.0","ft","7.667","8.333","3.0","ft","32.667","23.91666667","34.0","ft","32.667","23.91666667","34.0","ft","YES","0.0","no outfalls = or >18""","no outfalls = or >18""","no outfalls = or >18""","no outfalls = or >18""","NO","NO","NO","NO","no trash","no trash","no trash","no trash","NO",NA
"Foam Plate",0,"33.0","44513.0","Plastic","Site 33_11-13-2021/Data for Site #33 11-13-21.xlsx","0.25","1.0",NA,NA,"0.25","GALLONS",NA,"   ft3","33.0","33.0","44513.0","0.15","0.75","0.1","0.0","1","0.05","0.15","0.0","0.8","1",NA,"33.0","Downstream of Castro Racnh Rd EBMUD (3rd of 3 by this team)","probabilistic","Mary, Ann, Damien, Megan","44513.0","0.4791666666666667","AM","0.5","AM","37.9752","37.9749","-122.2502","-122.2501","Pinole Creek","GoogleEarth (NAD 83)","HARD","(Facing Downstream)","HARD","(Facing Downstream)","Natural","No addtional types","No addtional types","No addtional types","no others","YES","98.0","ft","7.667","8.333","3.0","ft","32.667","23.91666667","34.0","ft","32.667","23.91666667","34.0","ft","YES","0.0","no outfalls = or >18""","no outfalls = or >18""","no outfalls = or >18""","no outfalls = or >18""","NO","NO","NO","NO","no trash","no trash","no trash","no trash","NO",NA
"Hard Plastic Container",0,"33.0","44513.0","Plastic","Site 33_11-13-2021/Data for Site #33 11-13-21.xlsx","0.25","1.0",NA,NA,"0.25","GALLONS",NA,"   ft3","33.0","33.0","44513.0","0.15","0.75","0.1","0.0","1","0.05","0.15","0.0","0.8","1",NA,"33.0","Downstream of Castro Racnh Rd EBMUD (3rd of 3 by this team)","probabilistic","Mary, Ann, Damien, Megan","44513.0","0.4791666666666667","AM","0.5","AM","37.9752","37.9749","-122.2502","-122.2501","Pinole Creek","GoogleEarth (NAD 83)","HARD","(Facing Downstream)","HARD","(Facing Downstream)","Natural","No addtional types","No addtional types","No addtional types","no others","YES","98.0","ft","7.667","8.333","3.0","ft","32.667","23.91666667","34.0","ft","32.667","23.91666667","34.0","ft","YES","0.0","no outfalls = or >18""","no outfalls = or >18""","no outfalls = or >18""","no outfalls = or >18""","NO","NO","NO","NO","no trash","no trash","no trash","no trash","NO",NA
"Hard Plastic Pieces",0,"33.0","44513.0","Plastic","Site 33_11-13-2021/Data for Site #33 11-13-21.xlsx","0.25","1.0",NA,NA,"0.25","GALLONS",NA,"   ft3","33.0","33.0","44513.0","0.15","0.75","0.1","0.0","1","0.05","0.15","0.0","0.8","1",NA,"33.0","Downstream of Castro Racnh Rd EBMUD (3rd of 3 by this team)","probabilistic","Mary, Ann, Damien, Megan","44513.0","0.4791666666666667","AM","0.5","AM","37.9752","37.9749","-122.2502","-122.2501","Pinole Creek","GoogleEarth (NAD 83)","HARD","(Facing Downstream)","HARD","(Facing Downstream)","Natural","No addtional types","No addtional types","No addtional types","no others","YES","98.0","ft","7.667","8.333","3.0","ft","32.667","23.91666667","34.0","ft","32.667","23.91666667","34.0","ft","YES","0.0","no outfalls = or >18""","no outfalls = or >18""","no outfalls = or >18""","no outfalls = or >18""","NO","NO","NO","NO","no trash","no trash","no trash","no trash","NO",NA
"Lid",0,"33.0","44513.0","Plastic","Site 33_11-13-2021/Data for Site #33 11-13-21.xlsx","0.25","1.0",NA,NA,"0.25","GALLONS",NA,"   ft3","33.0","33.0","44513.0","0.15","0.75","0.1","0.0","1","0.05","0.15","0.0","0.8","1",NA,"33.0","Downstream of Castro Racnh Rd EBMUD (3rd of 3 by this team)","probabilistic","Mary, Ann, Damien, Megan","44513.0","0.4791666666666667","AM","0.5","AM","37.9752","37.9749","-122.2502","-122.2501","Pinole Creek","GoogleEarth (NAD 83)","HARD","(Facing Downstream)","HARD","(Facing Downstream)","Natural","No addtional types","No addtional types","No addtional types","no others","YES","98.0","ft","7.667","8.333","3.0","ft","32.667","23.91666667","34.0","ft","32.667","23.91666667","34.0","ft","YES","0.0","no outfalls = or >18""","no outfalls = or >18""","no outfalls = or >18""","no outfalls = or >18""","NO","NO","NO","NO","no trash","no trash","no trash","no trash","NO",NA
"Lighters",0,"33.0","44513.0","Plastic","Site 33_11-13-2021/Data for Site #33 11-13-21.xlsx","0.25","1.0",NA,NA,"0.25","GALLONS",NA,"   ft3","33.0","33.0","44513.0","0.15","0.75","0.1","0.0","1","0.05","0.15","0.0","0.8","1",NA,"33.0","Downstream of Castro Racnh Rd EBMUD (3rd of 3 by this team)","probabilistic","Mary, Ann, Damien, Megan","44513.0","0.4791666666666667","AM","0.5","AM","37.9752","37.9749","-122.2502","-122.2501","Pinole Creek","GoogleEarth (NAD 83)","HARD","(Facing Downstream)","HARD","(Facing Downstream)","Natural","No addtional types","No addtional types","No addtional types","no others","YES","98.0","ft","7.667","8.333","3.0","ft","32.667","23.91666667","34.0","ft","32.667","23.91666667","34.0","ft","YES","0.0","no outfalls = or >18""","no outfalls = or >18""","no outfalls = or >18""","no outfalls = or >18""","NO","NO","NO","NO","no trash","no trash","no trash","no trash","NO",NA
"Pens/Markers",0,"33.0","44513.0","Plastic","Site 33_11-13-2021/Data for Site #33 11-13-21.xlsx","0.25","1.0",NA,NA,"0.25","GALLONS",NA,"   ft3","33.0","33.0","44513.0","0.15","0.75","0.1","0.0","1","0.05","0.15","0.0","0.8","1",NA,"33.0","Downstream of Castro Racnh Rd EBMUD (3rd of 3 by this team)","probabilistic","Mary, Ann, Damien, Megan","44513.0","0.4791666666666667","AM","0.5","AM","37.9752","37.9749","-122.2502","-122.2501","Pinole Creek","GoogleEarth (NAD 83)","HARD","(Facing Downstream)","HARD","(Facing Downstream)","Natural","No addtional types","No addtional types","No addtional types","no others","YES","98.0","ft","7.667","8.333","3.0","ft","32.667","23.91666667","34.0","ft","32.667","23.91666667","34.0","ft","YES","0.0","no outfalls = or >18""","no outfalls = or >18""","no outfalls = or >18""","no outfalls = or >18""","NO","NO","NO","NO","no trash","no trash","no trash","no trash","NO",NA
"Plastic 6-Pack Holder",0,"33.0","44513.0","Plastic","Site 33_11-13-2021/Data for Site #33 11-13-21.xlsx","0.25","1.0",NA,NA,"0.25","GALLONS",NA,"   ft3","33.0","33.0","44513.0","0.15","0.75","0.1","0.0","1","0.05","0.15","0.0","0.8","1",NA,"33.0","Downstream of Castro Racnh Rd EBMUD (3rd of 3 by this team)","probabilistic","Mary, Ann, Damien, Megan","44513.0","0.4791666666666667","AM","0.5","AM","37.9752","37.9749","-122.2502","-122.2501","Pinole Creek","GoogleEarth (NAD 83)","HARD","(Facing Downstream)","HARD","(Facing Downstream)","Natural","No addtional types","No addtional types","No addtional types","no others","YES","98.0","ft","7.667","8.333","3.0","ft","32.667","23.91666667","34.0","ft","32.667","23.91666667","34.0","ft","YES","0.0","no outfalls = or >18""","no outfalls = or >18""","no outfalls = or >18""","no outfalls = or >18""","NO","NO","NO","NO","no trash","no trash","no trash","no trash","NO",NA
"Plastic Bottles",0,"33.0","44513.0","Plastic","Site 33_11-13-2021/Data for Site #33 11-13-21.xlsx","0.25","1.0",NA,NA,"0.25","GALLONS",NA,"   ft3","33.0","33.0","44513.0","0.15","0.75","0.1","0.0","1","0.05","0.15","0.0","0.8","1",NA,"33.0","Downstream of Castro Racnh Rd EBMUD (3rd of 3 by this team)","probabilistic","Mary, Ann, Damien, Megan","44513.0","0.4791666666666667","AM","0.5","AM","37.9752","37.9749","-122.2502","-122.2501","Pinole Creek","GoogleEarth (NAD 83)","HARD","(Facing Downstream)","HARD","(Facing Downstream)","Natural","No addtional types","No addtional types","No addtional types","no others","YES","98.0","ft","7.667","8.333","3.0","ft","32.667","23.91666667","34.0","ft","32.667","23.91666667","34.0","ft","YES","0.0","no outfalls = or >18""","no outfalls = or >18""","no outfalls = or >18""","no outfalls = or >18""","NO","NO","NO","NO","no trash","no trash","no trash","no trash","NO",NA
"Plastic Pipe",0,"33.0","44513.0","Plastic","Site 33_11-13-2021/Data for Site #33 11-13-21.xlsx","0.25","1.0",NA,NA,"0.25","GALLONS",NA,"   ft3","33.0","33.0","44513.0","0.15","0.75","0.1","0.0","1","0.05","0.15","0.0","0.8","1",NA,"33.0","Downstream of Castro Racnh Rd EBMUD (3rd of 3 by this team)","probabilistic","Mary, Ann, Damien, Megan","44513.0","0.4791666666666667","AM","0.5","AM","37.9752","37.9749","-122.2502","-122.2501","Pinole Creek","GoogleEarth (NAD 83)","HARD","(Facing Downstream)","HARD","(Facing Downstream)","Natural","No addtional types","No addtional types","No addtional types","no others","YES","98.0","ft","7.667","8.333","3.0","ft","32.667","23.91666667","34.0","ft","32.667","23.91666667","34.0","ft","YES","0.0","no outfalls = or >18""","no outfalls = or >18""","no outfalls = or >18""","no outfalls = or >18""","NO","NO","NO","NO","no trash","no trash","no trash","no trash","NO",NA
"Plastic Straw Wrapper",0,"33.0","44513.0","Plastic","Site 33_11-13-2021/Data for Site #33 11-13-21.xlsx","0.25","1.0",NA,NA,"0.25","GALLONS",NA,"   ft3","33.0","33.0","44513.0","0.15","0.75","0.1","0.0","1","0.05","0.15","0.0","0.8","1",NA,"33.0","Downstream of Castro Racnh Rd EBMUD (3rd of 3 by this team)","probabilistic","Mary, Ann, Damien, Megan","44513.0","0.4791666666666667","AM","0.5","AM","37.9752","37.9749","-122.2502","-122.2501","Pinole Creek","GoogleEarth (NAD 83)","HARD","(Facing Downstream)","HARD","(Facing Downstream)","Natural","No addtional types","No addtional types","No addtional types","no others","YES","98.0","ft","7.667","8.333","3.0","ft","32.667","23.91666667","34.0","ft","32.667","23.91666667","34.0","ft","YES","0.0","no outfalls = or >18""","no outfalls = or >18""","no outfalls = or >18""","no outfalls = or >18""","NO","NO","NO","NO","no trash","no trash","no trash","no trash","NO",NA
"Plates",0,"33.0","44513.0","Plastic","Site 33_11-13-2021/Data for Site #33 11-13-21.xlsx","0.25","1.0",NA,NA,"0.25","GALLONS",NA,"   ft3","33.0","33.0","44513.0","0.15","0.75","0.1","0.0","1","0.05","0.15","0.0","0.8","1",NA,"33.0","Downstream of Castro Racnh Rd EBMUD (3rd of 3 by this team)","probabilistic","Mary, Ann, Damien, Megan","44513.0","0.4791666666666667","AM","0.5","AM","37.9752","37.9749","-122.2502","-122.2501","Pinole Creek","GoogleEarth (NAD 83)","HARD","(Facing Downstream)","HARD","(Facing Downstream)","Natural","No addtional types","No addtional types","No addtional types","no others","YES","98.0","ft","7.667","8.333","3.0","ft","32.667","23.91666667","34.0","ft","32.667","23.91666667","34.0","ft","YES","0.0","no outfalls = or >18""","no outfalls = or >18""","no outfalls = or >18""","no outfalls = or >18""","NO","NO","NO","NO","no trash","no trash","no trash","no trash","NO",NA
"Single Use Container",0,"33.0","44513.0","Plastic","Site 33_11-13-2021/Data for Site #33 11-13-21.xlsx","0.25","1.0",NA,NA,"0.25","GALLONS",NA,"   ft3","33.0","33.0","44513.0","0.15","0.75","0.1","0.0","1","0.05","0.15","0.0","0.8","1",NA,"33.0","Downstream of Castro Racnh Rd EBMUD (3rd of 3 by this team)","probabilistic","Mary, Ann, Damien, Megan","44513.0","0.4791666666666667","AM","0.5","AM","37.9752","37.9749","-122.2502","-122.2501","Pinole Creek","GoogleEarth (NAD 83)","HARD","(Facing Downstream)","HARD","(Facing Downstream)","Natural","No addtional types","No addtional types","No addtional types","no others","YES","98.0","ft","7.667","8.333","3.0","ft","32.667","23.91666667","34.0","ft","32.667","23.91666667","34.0","ft","YES","0.0","no outfalls = or >18""","no outfalls = or >18""","no outfalls = or >18""","no outfalls = or >18""","NO","NO","NO","NO","no trash","no trash","no trash","no trash","NO",NA
"Soft Plastic Pieces*",0,"33.0","44513.0","Plastic","Site 33_11-13-2021/Data for Site #33 11-13-21.xlsx","0.25","1.0",NA,NA,"0.25","GALLONS",NA,"   ft3","33.0","33.0","44513.0","0.15","0.75","0.1","0.0","1","0.05","0.15","0.0","0.8","1",NA,"33.0","Downstream of Castro Racnh Rd EBMUD (3rd of 3 by this team)","probabilistic","Mary, Ann, Damien, Megan","44513.0","0.4791666666666667","AM","0.5","AM","37.9752","37.9749","-122.2502","-122.2501","Pinole Creek","GoogleEarth (NAD 83)","HARD","(Facing Downstream)","HARD","(Facing Downstream)","Natural","No addtional types","No addtional types","No addtional types","no others","YES","98.0","ft","7.667","8.333","3.0","ft","32.667","23.91666667","34.0","ft","32.667","23.91666667","34.0","ft","YES","0.0","no outfalls = or >18""","no outfalls = or >18""","no outfalls = or >18""","no outfalls = or >18""","NO","NO","NO","NO","no trash","no trash","no trash","no trash","NO",NA
"Straw/Stirrer",0,"33.0","44513.0","Plastic","Site 33_11-13-2021/Data for Site #33 11-13-21.xlsx","0.25","1.0",NA,NA,"0.25","GALLONS",NA,"   ft3","33.0","33.0","44513.0","0.15","0.75","0.1","0.0","1","0.05","0.15","0.0","0.8","1",NA,"33.0","Downstream of Castro Racnh Rd EBMUD (3rd of 3 by this team)","probabilistic","Mary, Ann, Damien, Megan","44513.0","0.4791666666666667","AM","0.5","AM","37.9752","37.9749","-122.2502","-122.2501","Pinole Creek","GoogleEarth (NAD 83)","HARD","(Facing Downstream)","HARD","(Facing Downstream)","Natural","No addtional types","No addtional types","No addtional types","no others","YES","98.0","ft","7.667","8.333","3.0","ft","32.667","23.91666667","34.0","ft","32.667","23.91666667","34.0","ft","YES","0.0","no outfalls = or >18""","no outfalls = or >18""","no outfalls = or >18""","no outfalls = or >18""","NO","NO","NO","NO","no trash","no trash","no trash","no trash","NO",NA
"Tarp",0,"33.0","44513.0","Plastic","Site 33_11-13-2021/Data for Site #33 11-13-21.xlsx","0.25","1.0",NA,NA,"0.25","GALLONS",NA,"   ft3","33.0","33.0","44513.0","0.15","0.75","0.1","0.0","1","0.05","0.15","0.0","0.8","1",NA,"33.0","Downstream of Castro Racnh Rd EBMUD (3rd of 3 by this team)","probabilistic","Mary, Ann, Damien, Megan","44513.0","0.4791666666666667","AM","0.5","AM","37.9752","37.9749","-122.2502","-122.2501","Pinole Creek","GoogleEarth (NAD 83)","HARD","(Facing Downstream)","HARD","(Facing Downstream)","Natural","No addtional types","No addtional types","No addtional types","no others","YES","98.0","ft","7.667","8.333","3.0","ft","32.667","23.91666667","34.0","ft","32.667","23.91666667","34.0","ft","YES","0.0","no outfalls = or >18""","no outfalls = or >18""","no outfalls = or >18""","no outfalls = or >18""","NO","NO","NO","NO","no trash","no trash","no trash","no trash","NO",NA
"Tobacco Wrapper/Pieces",0,"33.0","44513.0","Plastic","Site 33_11-13-2021/Data for Site #33 11-13-21.xlsx","0.25","1.0",NA,NA,"0.25","GALLONS",NA,"   ft3","33.0","33.0","44513.0","0.15","0.75","0.1","0.0","1","0.05","0.15","0.0","0.8","1",NA,"33.0","Downstream of Castro Racnh Rd EBMUD (3rd of 3 by this team)","probabilistic","Mary, Ann, Damien, Megan","44513.0","0.4791666666666667","AM","0.5","AM","37.9752","37.9749","-122.2502","-122.2501","Pinole Creek","GoogleEarth (NAD 83)","HARD","(Facing Downstream)","HARD","(Facing Downstream)","Natural","No addtional types","No addtional types","No addtional types","no others","YES","98.0","ft","7.667","8.333","3.0","ft","32.667","23.91666667","34.0","ft","32.667","23.91666667","34.0","ft","YES","0.0","no outfalls = or >18""","no outfalls = or >18""","no outfalls = or >18""","no outfalls = or >18""","NO","NO","NO","NO","no trash","no trash","no trash","no trash","NO",NA
"Wrapper/Wrapper Pieces*",0,"33.0","44513.0","Plastic","Site 33_11-13-2021/Data for Site #33 11-13-21.xlsx","0.25","1.0",NA,NA,"0.25","GALLONS",NA,"   ft3","33.0","33.0","44513.0","0.15","0.75","0.1","0.0","1","0.05","0.15","0.0","0.8","1",NA,"33.0","Downstream of Castro Racnh Rd EBMUD (3rd of 3 by this team)","probabilistic","Mary, Ann, Damien, Megan","44513.0","0.4791666666666667","AM","0.5","AM","37.9752","37.9749","-122.2502","-122.2501","Pinole Creek","GoogleEarth (NAD 83)","HARD","(Facing Downstream)","HARD","(Facing Downstream)","Natural","No addtional types","No addtional types","No addtional types","no others","YES","98.0","ft","7.667","8.333","3.0","ft","32.667","23.91666667","34.0","ft","32.667","23.91666667","34.0","ft","YES","0.0","no outfalls = or >18""","no outfalls = or >18""","no outfalls = or >18""","no outfalls = or >18""","NO","NO","NO","NO","no trash","no trash","no trash","no trash","NO",NA
"Plastic Other (describe)",0,"33.0","44513.0","Plastic","Site 33_11-13-2021/Data for Site #33 11-13-21.xlsx","0.25","1.0",NA,NA,"0.25","GALLONS",NA,"   ft3","33.0","33.0","44513.0","0.15","0.75","0.1","0.0","1","0.05","0.15","0.0","0.8","1",NA,"33.0","Downstream of Castro Racnh Rd EBMUD (3rd of 3 by this team)","probabilistic","Mary, Ann, Damien, Megan","44513.0","0.4791666666666667","AM","0.5","AM","37.9752","37.9749","-122.2502","-122.2501","Pinole Creek","GoogleEarth (NAD 83)","HARD","(Facing Downstream)","HARD","(Facing Downstream)","Natural","No addtional types","No addtional types","No addtional types","no others","YES","98.0","ft","7.667","8.333","3.0","ft","32.667","23.91666667","34.0","ft","32.667","23.91666667","34.0","ft","YES","0.0","no outfalls = or >18""","no outfalls = or >18""","no outfalls = or >18""","no outfalls = or >18""","NO","NO","NO","NO","no trash","no trash","no trash","no trash","NO",NA
"Natural (Cotton, Wool)",0,"33.0","44513.0","Fabric and Cloth","Site 33_11-13-2021/Data for Site #33 11-13-21.xlsx","0.75","1.0",NA,NA,"0.75","GALLONS",NA,"   ft3","33.0","33.0","44513.0","0.15","0.75","0.1","0.0","1","0.05","0.15","0.0","0.8","1",NA,"33.0","Downstream of Castro Racnh Rd EBMUD (3rd of 3 by this team)","probabilistic","Mary, Ann, Damien, Megan","44513.0","0.4791666666666667","AM","0.5","AM","37.9752","37.9749","-122.2502","-122.2501","Pinole Creek","GoogleEarth (NAD 83)","HARD","(Facing Downstream)","HARD","(Facing Downstream)","Natural","No addtional types","No addtional types","No addtional types","no others","YES","98.0","ft","7.667","8.333","3.0","ft","32.667","23.91666667","34.0","ft","32.667","23.91666667","34.0","ft","YES","0.0","no outfalls = or >18""","no outfalls = or >18""","no outfalls = or >18""","no outfalls = or >18""","NO","NO","NO","NO","no trash","no trash","no trash","no trash","NO",NA
"Shoes",0,"33.0","44513.0","Fabric and Cloth","Site 33_11-13-2021/Data for Site #33 11-13-21.xlsx","0.75","1.0",NA,NA,"0.75","GALLONS",NA,"   ft3","33.0","33.0","44513.0","0.15","0.75","0.1","0.0","1","0.05","0.15","0.0","0.8","1",NA,"33.0","Downstream of Castro Racnh Rd EBMUD (3rd of 3 by this team)","probabilistic","Mary, Ann, Damien, Megan","44513.0","0.4791666666666667","AM","0.5","AM","37.9752","37.9749","-122.2502","-122.2501","Pinole Creek","GoogleEarth (NAD 83)","HARD","(Facing Downstream)","HARD","(Facing Downstream)","Natural","No addtional types","No addtional types","No addtional types","no others","YES","98.0","ft","7.667","8.333","3.0","ft","32.667","23.91666667","34.0","ft","32.667","23.91666667","34.0","ft","YES","0.0","no outfalls = or >18""","no outfalls = or >18""","no outfalls = or >18""","no outfalls = or >18""","NO","NO","NO","NO","no trash","no trash","no trash","no trash","NO",NA
"Synthetic Fabric",0,"33.0","44513.0","Fabric and Cloth","Site 33_11-13-2021/Data for Site #33 11-13-21.xlsx","0.75","1.0",NA,NA,"0.75","GALLONS",NA,"   ft3","33.0","33.0","44513.0","0.15","0.75","0.1","0.0","1","0.05","0.15","0.0","0.8","1",NA,"33.0","Downstream of Castro Racnh Rd EBMUD (3rd of 3 by this team)","probabilistic","Mary, Ann, Damien, Megan","44513.0","0.4791666666666667","AM","0.5","AM","37.9752","37.9749","-122.2502","-122.2501","Pinole Creek","GoogleEarth (NAD 83)","HARD","(Facing Downstream)","HARD","(Facing Downstream)","Natural","No addtional types","No addtional types","No addtional types","no others","YES","98.0","ft","7.667","8.333","3.0","ft","32.667","23.91666667","34.0","ft","32.667","23.91666667","34.0","ft","YES","0.0","no outfalls = or >18""","no outfalls = or >18""","no outfalls = or >18""","no outfalls = or >18""","NO","NO","NO","NO","no trash","no trash","no trash","no trash","NO",NA
"Tent/Sleeping bag",0,"33.0","44513.0","Fabric and Cloth","Site 33_11-13-2021/Data for Site #33 11-13-21.xlsx","0.75","1.0",NA,NA,"0.75","GALLONS",NA,"   ft3","33.0","33.0","44513.0","0.15","0.75","0.1","0.0","1","0.05","0.15","0.0","0.8","1",NA,"33.0","Downstream of Castro Racnh Rd EBMUD (3rd of 3 by this team)","probabilistic","Mary, Ann, Damien, Megan","44513.0","0.4791666666666667","AM","0.5","AM","37.9752","37.9749","-122.2502","-122.2501","Pinole Creek","GoogleEarth (NAD 83)","HARD","(Facing Downstream)","HARD","(Facing Downstream)","Natural","No addtional types","No addtional types","No addtional types","no others","YES","98.0","ft","7.667","8.333","3.0","ft","32.667","23.91666667","34.0","ft","32.667","23.91666667","34.0","ft","YES","0.0","no outfalls = or >18""","no outfalls = or >18""","no outfalls = or >18""","no outfalls = or >18""","NO","NO","NO","NO","no trash","no trash","no trash","no trash","NO",NA
"Fabric Other (describe)",1,"33.0","44513.0","Fabric and Cloth","Site 33_11-13-2021/Data for Site #33 11-13-21.xlsx","0.75","1.0",NA,NA,"0.75","GALLONS",NA,"   ft3","33.0","33.0","44513.0","0.15","0.75","0.1","0.0","1","0.05","0.15","0.0","0.8","1",NA,"33.0","Downstream of Castro Racnh Rd EBMUD (3rd of 3 by this team)","probabilistic","Mary, Ann, Damien, Megan","44513.0","0.4791666666666667","AM","0.5","AM","37.9752","37.9749","-122.2502","-122.2501","Pinole Creek","GoogleEarth (NAD 83)","HARD","(Facing Downstream)","HARD","(Facing Downstream)","Natural","No addtional types","No addtional types","No addtional types","no others","YES","98.0","ft","7.667","8.333","3.0","ft","32.667","23.91666667","34.0","ft","32.667","23.91666667","34.0","ft","YES","0.0","no outfalls = or >18""","no outfalls = or >18""","no outfalls = or >18""","no outfalls = or >18""","NO","NO","NO","NO","no trash","no trash","no trash","no trash","NO",NA
"towel",0,"33.0","44513.0",NA,"Site 33_11-13-2021/Data for Site #33 11-13-21.xlsx",NA,NA,NA,NA,NA,NA,NA,NA,NA,"33.0","44513.0","0.15","0.75","0.1","0.0","1","0.05","0.15","0.0","0.8","1",NA,"33.0","Downstream of Castro Racnh Rd EBMUD (3rd of 3 by this team)","probabilistic","Mary, Ann, Damien, Megan","44513.0","0.4791666666666667","AM","0.5","AM","37.9752","37.9749","-122.2502","-122.2501","Pinole Creek","GoogleEarth (NAD 83)","HARD","(Facing Downstream)","HARD","(Facing Downstream)","Natural","No addtional types","No addtional types","No addtional types","no others","YES","98.0","ft","7.667","8.333","3.0","ft","32.667","23.91666667","34.0","ft","32.667","23.91666667","34.0","ft","YES","0.0","no outfalls = or >18""","no outfalls = or >18""","no outfalls = or >18""","no outfalls = or >18""","NO","NO","NO","NO","no trash","no trash","no trash","no trash","NO",NA
"Furniture/Appliances",0,"33.0","44513.0","Large Items","Site 33_11-13-2021/Data for Site #33 11-13-21.xlsx","0.0",NA,NA,NA,"0","GALLONS",NA,"   ft3","33.0","33.0","44513.0","0.15","0.75","0.1","0.0","1","0.05","0.15","0.0","0.8","1",NA,"33.0","Downstream of Castro Racnh Rd EBMUD (3rd of 3 by this team)","probabilistic","Mary, Ann, Damien, Megan","44513.0","0.4791666666666667","AM","0.5","AM","37.9752","37.9749","-122.2502","-122.2501","Pinole Creek","GoogleEarth (NAD 83)","HARD","(Facing Downstream)","HARD","(Facing Downstream)","Natural","No addtional types","No addtional types","No addtional types","no others","YES","98.0","ft","7.667","8.333","3.0","ft","32.667","23.91666667","34.0","ft","32.667","23.91666667","34.0","ft","YES","0.0","no outfalls = or >18""","no outfalls = or >18""","no outfalls = or >18""","no outfalls = or >18""","NO","NO","NO","NO","no trash","no trash","no trash","no trash","NO",NA
"Garbage Bags of Trash",0,"33.0","44513.0","Large Items","Site 33_11-13-2021/Data for Site #33 11-13-21.xlsx","0.0",NA,NA,NA,"0","GALLONS",NA,"   ft3","33.0","33.0","44513.0","0.15","0.75","0.1","0.0","1","0.05","0.15","0.0","0.8","1",NA,"33.0","Downstream of Castro Racnh Rd EBMUD (3rd of 3 by this team)","probabilistic","Mary, Ann, Damien, Megan","44513.0","0.4791666666666667","AM","0.5","AM","37.9752","37.9749","-122.2502","-122.2501","Pinole Creek","GoogleEarth (NAD 83)","HARD","(Facing Downstream)","HARD","(Facing Downstream)","Natural","No addtional types","No addtional types","No addtional types","no others","YES","98.0","ft","7.667","8.333","3.0","ft","32.667","23.91666667","34.0","ft","32.667","23.91666667","34.0","ft","YES","0.0","no outfalls = or >18""","no outfalls = or >18""","no outfalls = or >18""","no outfalls = or >18""","NO","NO","NO","NO","no trash","no trash","no trash","no trash","NO",NA
"Shopping Carts",0,"33.0","44513.0","Large Items","Site 33_11-13-2021/Data for Site #33 11-13-21.xlsx","0.0",NA,NA,NA,"0","GALLONS",NA,"   ft3","33.0","33.0","44513.0","0.15","0.75","0.1","0.0","1","0.05","0.15","0.0","0.8","1",NA,"33.0","Downstream of Castro Racnh Rd EBMUD (3rd of 3 by this team)","probabilistic","Mary, Ann, Damien, Megan","44513.0","0.4791666666666667","AM","0.5","AM","37.9752","37.9749","-122.2502","-122.2501","Pinole Creek","GoogleEarth (NAD 83)","HARD","(Facing Downstream)","HARD","(Facing Downstream)","Natural","No addtional types","No addtional types","No addtional types","no others","YES","98.0","ft","7.667","8.333","3.0","ft","32.667","23.91666667","34.0","ft","32.667","23.91666667","34.0","ft","YES","0.0","no outfalls = or >18""","no outfalls = or >18""","no outfalls = or >18""","no outfalls = or >18""","NO","NO","NO","NO","no trash","no trash","no trash","no trash","NO",NA
"Tires",0,"33.0","44513.0","Large Items","Site 33_11-13-2021/Data for Site #33 11-13-21.xlsx","0.0",NA,NA,NA,"0","GALLONS",NA,"   ft3","33.0","33.0","44513.0","0.15","0.75","0.1","0.0","1","0.05","0.15","0.0","0.8","1",NA,"33.0","Downstream of Castro Racnh Rd EBMUD (3rd of 3 by this team)","probabilistic","Mary, Ann, Damien, Megan","44513.0","0.4791666666666667","AM","0.5","AM","37.9752","37.9749","-122.2502","-122.2501","Pinole Creek","GoogleEarth (NAD 83)","HARD","(Facing Downstream)","HARD","(Facing Downstream)","Natural","No addtional types","No addtional types","No addtional types","no others","YES","98.0","ft","7.667","8.333","3.0","ft","32.667","23.91666667","34.0","ft","32.667","23.91666667","34.0","ft","YES","0.0","no outfalls = or >18""","no outfalls = or >18""","no outfalls = or >18""","no outfalls = or >18""","NO","NO","NO","NO","no trash","no trash","no trash","no trash","NO",NA
"Large Other  (describe)",0,"33.0","44513.0","Large Items","Site 33_11-13-2021/Data for Site #33 11-13-21.xlsx","0.0",NA,NA,NA,"0","GALLONS",NA,"   ft3","33.0","33.0","44513.0","0.15","0.75","0.1","0.0","1","0.05","0.15","0.0","0.8","1",NA,"33.0","Downstream of Castro Racnh Rd EBMUD (3rd of 3 by this team)","probabilistic","Mary, Ann, Damien, Megan","44513.0","0.4791666666666667","AM","0.5","AM","37.9752","37.9749","-122.2502","-122.2501","Pinole Creek","GoogleEarth (NAD 83)","HARD","(Facing Downstream)","HARD","(Facing Downstream)","Natural","No addtional types","No addtional types","No addtional types","no others","YES","98.0","ft","7.667","8.333","3.0","ft","32.667","23.91666667","34.0","ft","32.667","23.91666667","34.0","ft","YES","0.0","no outfalls = or >18""","no outfalls = or >18""","no outfalls = or >18""","no outfalls = or >18""","NO","NO","NO","NO","no trash","no trash","no trash","no trash","NO",NA
"Food Waste",0,"33.0","44513.0","Biodegradable","Site 33_11-13-2021/Data for Site #33 11-13-21.xlsx","0.0",NA,NA,NA,"0","GALLONS",NA,"   ft3","33.0","33.0","44513.0","0.15","0.75","0.1","0.0","1","0.05","0.15","0.0","0.8","1",NA,"33.0","Downstream of Castro Racnh Rd EBMUD (3rd of 3 by this team)","probabilistic","Mary, Ann, Damien, Megan","44513.0","0.4791666666666667","AM","0.5","AM","37.9752","37.9749","-122.2502","-122.2501","Pinole Creek","GoogleEarth (NAD 83)","HARD","(Facing Downstream)","HARD","(Facing Downstream)","Natural","No addtional types","No addtional types","No addtional types","no others","YES","98.0","ft","7.667","8.333","3.0","ft","32.667","23.91666667","34.0","ft","32.667","23.91666667","34.0","ft","YES","0.0","no outfalls = or >18""","no outfalls = or >18""","no outfalls = or >18""","no outfalls = or >18""","NO","NO","NO","NO","no trash","no trash","no trash","no trash","NO",NA
"Paper/ cardboard",0,"33.0","44513.0","Biodegradable","Site 33_11-13-2021/Data for Site #33 11-13-21.xlsx","0.0",NA,NA,NA,"0","GALLONS",NA,"   ft3","33.0","33.0","44513.0","0.15","0.75","0.1","0.0","1","0.05","0.15","0.0","0.8","1",NA,"33.0","Downstream of Castro Racnh Rd EBMUD (3rd of 3 by this team)","probabilistic","Mary, Ann, Damien, Megan","44513.0","0.4791666666666667","AM","0.5","AM","37.9752","37.9749","-122.2502","-122.2501","Pinole Creek","GoogleEarth (NAD 83)","HARD","(Facing Downstream)","HARD","(Facing Downstream)","Natural","No addtional types","No addtional types","No addtional types","no others","YES","98.0","ft","7.667","8.333","3.0","ft","32.667","23.91666667","34.0","ft","32.667","23.91666667","34.0","ft","YES","0.0","no outfalls = or >18""","no outfalls = or >18""","no outfalls = or >18""","no outfalls = or >18""","NO","NO","NO","NO","no trash","no trash","no trash","no trash","NO",NA
"Yard Waste/Leaf piles*",0,"33.0","44513.0","Biodegradable","Site 33_11-13-2021/Data for Site #33 11-13-21.xlsx","0.0",NA,NA,NA,"0","GALLONS",NA,"   ft3","33.0","33.0","44513.0","0.15","0.75","0.1","0.0","1","0.05","0.15","0.0","0.8","1",NA,"33.0","Downstream of Castro Racnh Rd EBMUD (3rd of 3 by this team)","probabilistic","Mary, Ann, Damien, Megan","44513.0","0.4791666666666667","AM","0.5","AM","37.9752","37.9749","-122.2502","-122.2501","Pinole Creek","GoogleEarth (NAD 83)","HARD","(Facing Downstream)","HARD","(Facing Downstream)","Natural","No addtional types","No addtional types","No addtional types","no others","YES","98.0","ft","7.667","8.333","3.0","ft","32.667","23.91666667","34.0","ft","32.667","23.91666667","34.0","ft","YES","0.0","no outfalls = or >18""","no outfalls = or >18""","no outfalls = or >18""","no outfalls = or >18""","NO","NO","NO","NO","no trash","no trash","no trash","no trash","NO",NA
"Biodegradable Other (describe)",0,"33.0","44513.0","Biodegradable","Site 33_11-13-2021/Data for Site #33 11-13-21.xlsx","0.0",NA,NA,NA,"0","GALLONS",NA,"   ft3","33.0","33.0","44513.0","0.15","0.75","0.1","0.0","1","0.05","0.15","0.0","0.8","1",NA,"33.0","Downstream of Castro Racnh Rd EBMUD (3rd of 3 by this team)","probabilistic","Mary, Ann, Damien, Megan","44513.0","0.4791666666666667","AM","0.5","AM","37.9752","37.9749","-122.2502","-122.2501","Pinole Creek","GoogleEarth (NAD 83)","HARD","(Facing Downstream)","HARD","(Facing Downstream)","Natural","No addtional types","No addtional types","No addtional types","no others","YES","98.0","ft","7.667","8.333","3.0","ft","32.667","23.91666667","34.0","ft","32.667","23.91666667","34.0","ft","YES","0.0","no outfalls = or >18""","no outfalls = or >18""","no outfalls = or >18""","no outfalls = or >18""","NO","NO","NO","NO","no trash","no trash","no trash","no trash","NO",NA
"Condoms",0,"33.0","44513.0","Biohazard","Site 33_11-13-2021/Data for Site #33 11-13-21.xlsx","0.0",NA,NA,NA,"0","GALLONS",NA,"   ft3","33.0","33.0","44513.0","0.15","0.75","0.1","0.0","1","0.05","0.15","0.0","0.8","1",NA,"33.0","Downstream of Castro Racnh Rd EBMUD (3rd of 3 by this team)","probabilistic","Mary, Ann, Damien, Megan","44513.0","0.4791666666666667","AM","0.5","AM","37.9752","37.9749","-122.2502","-122.2501","Pinole Creek","GoogleEarth (NAD 83)","HARD","(Facing Downstream)","HARD","(Facing Downstream)","Natural","No addtional types","No addtional types","No addtional types","no others","YES","98.0","ft","7.667","8.333","3.0","ft","32.667","23.91666667","34.0","ft","32.667","23.91666667","34.0","ft","YES","0.0","no outfalls = or >18""","no outfalls = or >18""","no outfalls = or >18""","no outfalls = or >18""","NO","NO","NO","NO","no trash","no trash","no trash","no trash","NO",NA
"Dead Animals",0,"33.0","44513.0","Biohazard","Site 33_11-13-2021/Data for Site #33 11-13-21.xlsx","0.0",NA,NA,NA,"0","GALLONS",NA,"   ft3","33.0","33.0","44513.0","0.15","0.75","0.1","0.0","1","0.05","0.15","0.0","0.8","1",NA,"33.0","Downstream of Castro Racnh Rd EBMUD (3rd of 3 by this team)","probabilistic","Mary, Ann, Damien, Megan","44513.0","0.4791666666666667","AM","0.5","AM","37.9752","37.9749","-122.2502","-122.2501","Pinole Creek","GoogleEarth (NAD 83)","HARD","(Facing Downstream)","HARD","(Facing Downstream)","Natural","No addtional types","No addtional types","No addtional types","no others","YES","98.0","ft","7.667","8.333","3.0","ft","32.667","23.91666667","34.0","ft","32.667","23.91666667","34.0","ft","YES","0.0","no outfalls = or >18""","no outfalls = or >18""","no outfalls = or >18""","no outfalls = or >18""","NO","NO","NO","NO","no trash","no trash","no trash","no trash","NO",NA
"Human Waste/Diapers/TP",0,"33.0","44513.0","Biohazard","Site 33_11-13-2021/Data for Site #33 11-13-21.xlsx","0.0",NA,NA,NA,"0","GALLONS",NA,"   ft3","33.0","33.0","44513.0","0.15","0.75","0.1","0.0","1","0.05","0.15","0.0","0.8","1",NA,"33.0","Downstream of Castro Racnh Rd EBMUD (3rd of 3 by this team)","probabilistic","Mary, Ann, Damien, Megan","44513.0","0.4791666666666667","AM","0.5","AM","37.9752","37.9749","-122.2502","-122.2501","Pinole Creek","GoogleEarth (NAD 83)","HARD","(Facing Downstream)","HARD","(Facing Downstream)","Natural","No addtional types","No addtional types","No addtional types","no others","YES","98.0","ft","7.667","8.333","3.0","ft","32.667","23.91666667","34.0","ft","32.667","23.91666667","34.0","ft","YES","0.0","no outfalls = or >18""","no outfalls = or >18""","no outfalls = or >18""","no outfalls = or >18""","NO","NO","NO","NO","no trash","no trash","no trash","no trash","NO",NA
"Medical waste",0,"33.0","44513.0","Biohazard","Site 33_11-13-2021/Data for Site #33 11-13-21.xlsx","0.0",NA,NA,NA,"0","GALLONS",NA,"   ft3","33.0","33.0","44513.0","0.15","0.75","0.1","0.0","1","0.05","0.15","0.0","0.8","1",NA,"33.0","Downstream of Castro Racnh Rd EBMUD (3rd of 3 by this team)","probabilistic","Mary, Ann, Damien, Megan","44513.0","0.4791666666666667","AM","0.5","AM","37.9752","37.9749","-122.2502","-122.2501","Pinole Creek","GoogleEarth (NAD 83)","HARD","(Facing Downstream)","HARD","(Facing Downstream)","Natural","No addtional types","No addtional types","No addtional types","no others","YES","98.0","ft","7.667","8.333","3.0","ft","32.667","23.91666667","34.0","ft","32.667","23.91666667","34.0","ft","YES","0.0","no outfalls = or >18""","no outfalls = or >18""","no outfalls = or >18""","no outfalls = or >18""","NO","NO","NO","NO","no trash","no trash","no trash","no trash","NO",NA
"Pet Waste",0,"33.0","44513.0","Biohazard","Site 33_11-13-2021/Data for Site #33 11-13-21.xlsx","0.0",NA,NA,NA,"0","GALLONS",NA,"   ft3","33.0","33.0","44513.0","0.15","0.75","0.1","0.0","1","0.05","0.15","0.0","0.8","1",NA,"33.0","Downstream of Castro Racnh Rd EBMUD (3rd of 3 by this team)","probabilistic","Mary, Ann, Damien, Megan","44513.0","0.4791666666666667","AM","0.5","AM","37.9752","37.9749","-122.2502","-122.2501","Pinole Creek","GoogleEarth (NAD 83)","HARD","(Facing Downstream)","HARD","(Facing Downstream)","Natural","No addtional types","No addtional types","No addtional types","no others","YES","98.0","ft","7.667","8.333","3.0","ft","32.667","23.91666667","34.0","ft","32.667","23.91666667","34.0","ft","YES","0.0","no outfalls = or >18""","no outfalls = or >18""","no outfalls = or >18""","no outfalls = or >18""","NO","NO","NO","NO","no trash","no trash","no trash","no trash","NO",NA
"Biohazard Other",0,"33.0","44513.0","Biohazard","Site 33_11-13-2021/Data for Site #33 11-13-21.xlsx","0.0",NA,NA,NA,"0","GALLONS",NA,"   ft3","33.0","33.0","44513.0","0.15","0.75","0.1","0.0","1","0.05","0.15","0.0","0.8","1",NA,"33.0","Downstream of Castro Racnh Rd EBMUD (3rd of 3 by this team)","probabilistic","Mary, Ann, Damien, Megan","44513.0","0.4791666666666667","AM","0.5","AM","37.9752","37.9749","-122.2502","-122.2501","Pinole Creek","GoogleEarth (NAD 83)","HARD","(Facing Downstream)","HARD","(Facing Downstream)","Natural","No addtional types","No addtional types","No addtional types","no others","YES","98.0","ft","7.667","8.333","3.0","ft","32.667","23.91666667","34.0","ft","32.667","23.91666667","34.0","ft","YES","0.0","no outfalls = or >18""","no outfalls = or >18""","no outfalls = or >18""","no outfalls = or >18""","NO","NO","NO","NO","no trash","no trash","no trash","no trash","NO",NA
"PPO-Latex Gloves",0,"33.0","44513.0","Biohazard","Site 33_11-13-2021/Data for Site #33 11-13-21.xlsx","0.0",NA,NA,NA,"0","GALLONS",NA,"   ft3","33.0","33.0","44513.0","0.15","0.75","0.1","0.0","1","0.05","0.15","0.0","0.8","1",NA,"33.0","Downstream of Castro Racnh Rd EBMUD (3rd of 3 by this team)","probabilistic","Mary, Ann, Damien, Megan","44513.0","0.4791666666666667","AM","0.5","AM","37.9752","37.9749","-122.2502","-122.2501","Pinole Creek","GoogleEarth (NAD 83)","HARD","(Facing Downstream)","HARD","(Facing Downstream)","Natural","No addtional types","No addtional types","No addtional types","no others","YES","98.0","ft","7.667","8.333","3.0","ft","32.667","23.91666667","34.0","ft","32.667","23.91666667","34.0","ft","YES","0.0","no outfalls = or >18""","no outfalls = or >18""","no outfalls = or >18""","no outfalls = or >18""","NO","NO","NO","NO","no trash","no trash","no trash","no trash","NO",NA
"PPO-Face Masks",0,"33.0","44513.0","Biohazard","Site 33_11-13-2021/Data for Site #33 11-13-21.xlsx","0.0",NA,NA,NA,"0","GALLONS",NA,"   ft3","33.0","33.0","44513.0","0.15","0.75","0.1","0.0","1","0.05","0.15","0.0","0.8","1",NA,"33.0","Downstream of Castro Racnh Rd EBMUD (3rd of 3 by this team)","probabilistic","Mary, Ann, Damien, Megan","44513.0","0.4791666666666667","AM","0.5","AM","37.9752","37.9749","-122.2502","-122.2501","Pinole Creek","GoogleEarth (NAD 83)","HARD","(Facing Downstream)","HARD","(Facing Downstream)","Natural","No addtional types","No addtional types","No addtional types","no others","YES","98.0","ft","7.667","8.333","3.0","ft","32.667","23.91666667","34.0","ft","32.667","23.91666667","34.0","ft","YES","0.0","no outfalls = or >18""","no outfalls = or >18""","no outfalls = or >18""","no outfalls = or >18""","NO","NO","NO","NO","no trash","no trash","no trash","no trash","NO",NA
"Bricks",0,"33.0","44513.0","Construction","Site 33_11-13-2021/Data for Site #33 11-13-21.xlsx","0.0",NA,NA,NA,"0","GALLONS",NA,"   ft3","33.0","33.0","44513.0","0.15","0.75","0.1","0.0","1","0.05","0.15","0.0","0.8","1",NA,"33.0","Downstream of Castro Racnh Rd EBMUD (3rd of 3 by this team)","probabilistic","Mary, Ann, Damien, Megan","44513.0","0.4791666666666667","AM","0.5","AM","37.9752","37.9749","-122.2502","-122.2501","Pinole Creek","GoogleEarth (NAD 83)","HARD","(Facing Downstream)","HARD","(Facing Downstream)","Natural","No addtional types","No addtional types","No addtional types","no others","YES","98.0","ft","7.667","8.333","3.0","ft","32.667","23.91666667","34.0","ft","32.667","23.91666667","34.0","ft","YES","0.0","no outfalls = or >18""","no outfalls = or >18""","no outfalls = or >18""","no outfalls = or >18""","NO","NO","NO","NO","no trash","no trash","no trash","no trash","NO",NA
"Concrete/Asphalt",0,"33.0","44513.0","Construction","Site 33_11-13-2021/Data for Site #33 11-13-21.xlsx","0.0",NA,NA,NA,"0","GALLONS",NA,"   ft3","33.0","33.0","44513.0","0.15","0.75","0.1","0.0","1","0.05","0.15","0.0","0.8","1",NA,"33.0","Downstream of Castro Racnh Rd EBMUD (3rd of 3 by this team)","probabilistic","Mary, Ann, Damien, Megan","44513.0","0.4791666666666667","AM","0.5","AM","37.9752","37.9749","-122.2502","-122.2501","Pinole Creek","GoogleEarth (NAD 83)","HARD","(Facing Downstream)","HARD","(Facing Downstream)","Natural","No addtional types","No addtional types","No addtional types","no others","YES","98.0","ft","7.667","8.333","3.0","ft","32.667","23.91666667","34.0","ft","32.667","23.91666667","34.0","ft","YES","0.0","no outfalls = or >18""","no outfalls = or >18""","no outfalls = or >18""","no outfalls = or >18""","NO","NO","NO","NO","no trash","no trash","no trash","no trash","NO",NA
"Fabricated Wood",0,"33.0","44513.0","Construction","Site 33_11-13-2021/Data for Site #33 11-13-21.xlsx","0.0",NA,NA,NA,"0","GALLONS",NA,"   ft3","33.0","33.0","44513.0","0.15","0.75","0.1","0.0","1","0.05","0.15","0.0","0.8","1",NA,"33.0","Downstream of Castro Racnh Rd EBMUD (3rd of 3 by this team)","probabilistic","Mary, Ann, Damien, Megan","44513.0","0.4791666666666667","AM","0.5","AM","37.9752","37.9749","-122.2502","-122.2501","Pinole Creek","GoogleEarth (NAD 83)","HARD","(Facing Downstream)","HARD","(Facing Downstream)","Natural","No addtional types","No addtional types","No addtional types","no others","YES","98.0","ft","7.667","8.333","3.0","ft","32.667","23.91666667","34.0","ft","32.667","23.91666667","34.0","ft","YES","0.0","no outfalls = or >18""","no outfalls = or >18""","no outfalls = or >18""","no outfalls = or >18""","NO","NO","NO","NO","no trash","no trash","no trash","no trash","NO",NA
"Rebar",0,"33.0","44513.0","Construction","Site 33_11-13-2021/Data for Site #33 11-13-21.xlsx","0.0",NA,NA,NA,"0","GALLONS",NA,"   ft3","33.0","33.0","44513.0","0.15","0.75","0.1","0.0","1","0.05","0.15","0.0","0.8","1",NA,"33.0","Downstream of Castro Racnh Rd EBMUD (3rd of 3 by this team)","probabilistic","Mary, Ann, Damien, Megan","44513.0","0.4791666666666667","AM","0.5","AM","37.9752","37.9749","-122.2502","-122.2501","Pinole Creek","GoogleEarth (NAD 83)","HARD","(Facing Downstream)","HARD","(Facing Downstream)","Natural","No addtional types","No addtional types","No addtional types","no others","YES","98.0","ft","7.667","8.333","3.0","ft","32.667","23.91666667","34.0","ft","32.667","23.91666667","34.0","ft","YES","0.0","no outfalls = or >18""","no outfalls = or >18""","no outfalls = or >18""","no outfalls = or >18""","NO","NO","NO","NO","no trash","no trash","no trash","no trash","NO",NA
"Construction Other (describe)",0,"33.0","44513.0","Construction","Site 33_11-13-2021/Data for Site #33 11-13-21.xlsx","0.0",NA,NA,NA,"0","GALLONS",NA,"   ft3","33.0","33.0","44513.0","0.15","0.75","0.1","0.0","1","0.05","0.15","0.0","0.8","1",NA,"33.0","Downstream of Castro Racnh Rd EBMUD (3rd of 3 by this team)","probabilistic","Mary, Ann, Damien, Megan","44513.0","0.4791666666666667","AM","0.5","AM","37.9752","37.9749","-122.2502","-122.2501","Pinole Creek","GoogleEarth (NAD 83)","HARD","(Facing Downstream)","HARD","(Facing Downstream)","Natural","No addtional types","No addtional types","No addtional types","no others","YES","98.0","ft","7.667","8.333","3.0","ft","32.667","23.91666667","34.0","ft","32.667","23.91666667","34.0","ft","YES","0.0","no outfalls = or >18""","no outfalls = or >18""","no outfalls = or >18""","no outfalls = or >18""","NO","NO","NO","NO","no trash","no trash","no trash","no trash","NO",NA
"Glass Bottles",0,"33.0","44513.0","Glass","Site 33_11-13-2021/Data for Site #33 11-13-21.xlsx","0.0",NA,NA,NA,"0","GALLONS",NA,"   ft3","33.0","33.0","44513.0","0.15","0.75","0.1","0.0","1","0.05","0.15","0.0","0.8","1",NA,"33.0","Downstream of Castro Racnh Rd EBMUD (3rd of 3 by this team)","probabilistic","Mary, Ann, Damien, Megan","44513.0","0.4791666666666667","AM","0.5","AM","37.9752","37.9749","-122.2502","-122.2501","Pinole Creek","GoogleEarth (NAD 83)","HARD","(Facing Downstream)","HARD","(Facing Downstream)","Natural","No addtional types","No addtional types","No addtional types","no others","YES","98.0","ft","7.667","8.333","3.0","ft","32.667","23.91666667","34.0","ft","32.667","23.91666667","34.0","ft","YES","0.0","no outfalls = or >18""","no outfalls = or >18""","no outfalls = or >18""","no outfalls = or >18""","NO","NO","NO","NO","no trash","no trash","no trash","no trash","NO",NA
"Glass Pieces*",0,"33.0","44513.0","Glass","Site 33_11-13-2021/Data for Site #33 11-13-21.xlsx","0.0",NA,NA,NA,"0","GALLONS",NA,"   ft3","33.0","33.0","44513.0","0.15","0.75","0.1","0.0","1","0.05","0.15","0.0","0.8","1",NA,"33.0","Downstream of Castro Racnh Rd EBMUD (3rd of 3 by this team)","probabilistic","Mary, Ann, Damien, Megan","44513.0","0.4791666666666667","AM","0.5","AM","37.9752","37.9749","-122.2502","-122.2501","Pinole Creek","GoogleEarth (NAD 83)","HARD","(Facing Downstream)","HARD","(Facing Downstream)","Natural","No addtional types","No addtional types","No addtional types","no others","YES","98.0","ft","7.667","8.333","3.0","ft","32.667","23.91666667","34.0","ft","32.667","23.91666667","34.0","ft","YES","0.0","no outfalls = or >18""","no outfalls = or >18""","no outfalls = or >18""","no outfalls = or >18""","NO","NO","NO","NO","no trash","no trash","no trash","no trash","NO",NA
"Glass Other (describe)",0,"33.0","44513.0","Glass","Site 33_11-13-2021/Data for Site #33 11-13-21.xlsx","0.0",NA,NA,NA,"0","GALLONS",NA,"   ft3","33.0","33.0","44513.0","0.15","0.75","0.1","0.0","1","0.05","0.15","0.0","0.8","1",NA,"33.0","Downstream of Castro Racnh Rd EBMUD (3rd of 3 by this team)","probabilistic","Mary, Ann, Damien, Megan","44513.0","0.4791666666666667","AM","0.5","AM","37.9752","37.9749","-122.2502","-122.2501","Pinole Creek","GoogleEarth (NAD 83)","HARD","(Facing Downstream)","HARD","(Facing Downstream)","Natural","No addtional types","No addtional types","No addtional types","no others","YES","98.0","ft","7.667","8.333","3.0","ft","32.667","23.91666667","34.0","ft","32.667","23.91666667","34.0","ft","YES","0.0","no outfalls = or >18""","no outfalls = or >18""","no outfalls = or >18""","no outfalls = or >18""","NO","NO","NO","NO","no trash","no trash","no trash","no trash","NO",NA
"Aluminum Foil pieces*",0,"33.0","44513.0","Metal","Site 33_11-13-2021/Data for Site #33 11-13-21.xlsx","0.0",NA,NA,NA,"0","GALLONS",NA,"   ft3","33.0","33.0","44513.0","0.15","0.75","0.1","0.0","1","0.05","0.15","0.0","0.8","1",NA,"33.0","Downstream of Castro Racnh Rd EBMUD (3rd of 3 by this team)","probabilistic","Mary, Ann, Damien, Megan","44513.0","0.4791666666666667","AM","0.5","AM","37.9752","37.9749","-122.2502","-122.2501","Pinole Creek","GoogleEarth (NAD 83)","HARD","(Facing Downstream)","HARD","(Facing Downstream)","Natural","No addtional types","No addtional types","No addtional types","no others","YES","98.0","ft","7.667","8.333","3.0","ft","32.667","23.91666667","34.0","ft","32.667","23.91666667","34.0","ft","YES","0.0","no outfalls = or >18""","no outfalls = or >18""","no outfalls = or >18""","no outfalls = or >18""","NO","NO","NO","NO","no trash","no trash","no trash","no trash","NO",NA
"Aluminum or Steel Cans",0,"33.0","44513.0","Metal","Site 33_11-13-2021/Data for Site #33 11-13-21.xlsx","0.0",NA,NA,NA,"0","GALLONS",NA,"   ft3","33.0","33.0","44513.0","0.15","0.75","0.1","0.0","1","0.05","0.15","0.0","0.8","1",NA,"33.0","Downstream of Castro Racnh Rd EBMUD (3rd of 3 by this team)","probabilistic","Mary, Ann, Damien, Megan","44513.0","0.4791666666666667","AM","0.5","AM","37.9752","37.9749","-122.2502","-122.2501","Pinole Creek","GoogleEarth (NAD 83)","HARD","(Facing Downstream)","HARD","(Facing Downstream)","Natural","No addtional types","No addtional types","No addtional types","no others","YES","98.0","ft","7.667","8.333","3.0","ft","32.667","23.91666667","34.0","ft","32.667","23.91666667","34.0","ft","YES","0.0","no outfalls = or >18""","no outfalls = or >18""","no outfalls = or >18""","no outfalls = or >18""","NO","NO","NO","NO","no trash","no trash","no trash","no trash","NO",NA
"Auto Parts",0,"33.0","44513.0","Metal","Site 33_11-13-2021/Data for Site #33 11-13-21.xlsx","0.0",NA,NA,NA,"0","GALLONS",NA,"   ft3","33.0","33.0","44513.0","0.15","0.75","0.1","0.0","1","0.05","0.15","0.0","0.8","1",NA,"33.0","Downstream of Castro Racnh Rd EBMUD (3rd of 3 by this team)","probabilistic","Mary, Ann, Damien, Megan","44513.0","0.4791666666666667","AM","0.5","AM","37.9752","37.9749","-122.2502","-122.2501","Pinole Creek","GoogleEarth (NAD 83)","HARD","(Facing Downstream)","HARD","(Facing Downstream)","Natural","No addtional types","No addtional types","No addtional types","no others","YES","98.0","ft","7.667","8.333","3.0","ft","32.667","23.91666667","34.0","ft","32.667","23.91666667","34.0","ft","YES","0.0","no outfalls = or >18""","no outfalls = or >18""","no outfalls = or >18""","no outfalls = or >18""","NO","NO","NO","NO","no trash","no trash","no trash","no trash","NO",NA
"Batteries - Akaline",0,"33.0","44513.0","Metal","Site 33_11-13-2021/Data for Site #33 11-13-21.xlsx","0.0",NA,NA,NA,"0","GALLONS",NA,"   ft3","33.0","33.0","44513.0","0.15","0.75","0.1","0.0","1","0.05","0.15","0.0","0.8","1",NA,"33.0","Downstream of Castro Racnh Rd EBMUD (3rd of 3 by this team)","probabilistic","Mary, Ann, Damien, Megan","44513.0","0.4791666666666667","AM","0.5","AM","37.9752","37.9749","-122.2502","-122.2501","Pinole Creek","GoogleEarth (NAD 83)","HARD","(Facing Downstream)","HARD","(Facing Downstream)","Natural","No addtional types","No addtional types","No addtional types","no others","YES","98.0","ft","7.667","8.333","3.0","ft","32.667","23.91666667","34.0","ft","32.667","23.91666667","34.0","ft","YES","0.0","no outfalls = or >18""","no outfalls = or >18""","no outfalls = or >18""","no outfalls = or >18""","NO","NO","NO","NO","no trash","no trash","no trash","no trash","NO",NA
"Batteries - Lithium",0,"33.0","44513.0","Metal","Site 33_11-13-2021/Data for Site #33 11-13-21.xlsx","0.0",NA,NA,NA,"0","GALLONS",NA,"   ft3","33.0","33.0","44513.0","0.15","0.75","0.1","0.0","1","0.05","0.15","0.0","0.8","1",NA,"33.0","Downstream of Castro Racnh Rd EBMUD (3rd of 3 by this team)","probabilistic","Mary, Ann, Damien, Megan","44513.0","0.4791666666666667","AM","0.5","AM","37.9752","37.9749","-122.2502","-122.2501","Pinole Creek","GoogleEarth (NAD 83)","HARD","(Facing Downstream)","HARD","(Facing Downstream)","Natural","No addtional types","No addtional types","No addtional types","no others","YES","98.0","ft","7.667","8.333","3.0","ft","32.667","23.91666667","34.0","ft","32.667","23.91666667","34.0","ft","YES","0.0","no outfalls = or >18""","no outfalls = or >18""","no outfalls = or >18""","no outfalls = or >18""","NO","NO","NO","NO","no trash","no trash","no trash","no trash","NO",NA
"Metal Bottle Caps",0,"33.0","44513.0","Metal","Site 33_11-13-2021/Data for Site #33 11-13-21.xlsx","0.0",NA,NA,NA,"0","GALLONS",NA,"   ft3","33.0","33.0","44513.0","0.15","0.75","0.1","0.0","1","0.05","0.15","0.0","0.8","1",NA,"33.0","Downstream of Castro Racnh Rd EBMUD (3rd of 3 by this team)","probabilistic","Mary, Ann, Damien, Megan","44513.0","0.4791666666666667","AM","0.5","AM","37.9752","37.9749","-122.2502","-122.2501","Pinole Creek","GoogleEarth (NAD 83)","HARD","(Facing Downstream)","HARD","(Facing Downstream)","Natural","No addtional types","No addtional types","No addtional types","no others","YES","98.0","ft","7.667","8.333","3.0","ft","32.667","23.91666667","34.0","ft","32.667","23.91666667","34.0","ft","YES","0.0","no outfalls = or >18""","no outfalls = or >18""","no outfalls = or >18""","no outfalls = or >18""","NO","NO","NO","NO","no trash","no trash","no trash","no trash","NO",NA
"Metal Pipe/Bar Segments",0,"33.0","44513.0","Metal","Site 33_11-13-2021/Data for Site #33 11-13-21.xlsx","0.0",NA,NA,NA,"0","GALLONS",NA,"   ft3","33.0","33.0","44513.0","0.15","0.75","0.1","0.0","1","0.05","0.15","0.0","0.8","1",NA,"33.0","Downstream of Castro Racnh Rd EBMUD (3rd of 3 by this team)","probabilistic","Mary, Ann, Damien, Megan","44513.0","0.4791666666666667","AM","0.5","AM","37.9752","37.9749","-122.2502","-122.2501","Pinole Creek","GoogleEarth (NAD 83)","HARD","(Facing Downstream)","HARD","(Facing Downstream)","Natural","No addtional types","No addtional types","No addtional types","no others","YES","98.0","ft","7.667","8.333","3.0","ft","32.667","23.91666667","34.0","ft","32.667","23.91666667","34.0","ft","YES","0.0","no outfalls = or >18""","no outfalls = or >18""","no outfalls = or >18""","no outfalls = or >18""","NO","NO","NO","NO","no trash","no trash","no trash","no trash","NO",NA
"Nails, Screws, Bolts, etc.",0,"33.0","44513.0","Metal","Site 33_11-13-2021/Data for Site #33 11-13-21.xlsx","0.0",NA,NA,NA,"0","GALLONS",NA,"   ft3","33.0","33.0","44513.0","0.15","0.75","0.1","0.0","1","0.05","0.15","0.0","0.8","1",NA,"33.0","Downstream of Castro Racnh Rd EBMUD (3rd of 3 by this team)","probabilistic","Mary, Ann, Damien, Megan","44513.0","0.4791666666666667","AM","0.5","AM","37.9752","37.9749","-122.2502","-122.2501","Pinole Creek","GoogleEarth (NAD 83)","HARD","(Facing Downstream)","HARD","(Facing Downstream)","Natural","No addtional types","No addtional types","No addtional types","no others","YES","98.0","ft","7.667","8.333","3.0","ft","32.667","23.91666667","34.0","ft","32.667","23.91666667","34.0","ft","YES","0.0","no outfalls = or >18""","no outfalls = or >18""","no outfalls = or >18""","no outfalls = or >18""","NO","NO","NO","NO","no trash","no trash","no trash","no trash","NO",NA
"Spray Paint Cans",0,"33.0","44513.0","Metal","Site 33_11-13-2021/Data for Site #33 11-13-21.xlsx","0.0",NA,NA,NA,"0","GALLONS",NA,"   ft3","33.0","33.0","44513.0","0.15","0.75","0.1","0.0","1","0.05","0.15","0.0","0.8","1",NA,"33.0","Downstream of Castro Racnh Rd EBMUD (3rd of 3 by this team)","probabilistic","Mary, Ann, Damien, Megan","44513.0","0.4791666666666667","AM","0.5","AM","37.9752","37.9749","-122.2502","-122.2501","Pinole Creek","GoogleEarth (NAD 83)","HARD","(Facing Downstream)","HARD","(Facing Downstream)","Natural","No addtional types","No addtional types","No addtional types","no others","YES","98.0","ft","7.667","8.333","3.0","ft","32.667","23.91666667","34.0","ft","32.667","23.91666667","34.0","ft","YES","0.0","no outfalls = or >18""","no outfalls = or >18""","no outfalls = or >18""","no outfalls = or >18""","NO","NO","NO","NO","no trash","no trash","no trash","no trash","NO",NA
"Wire (barb, chicken, etc.)",0,"33.0","44513.0","Metal","Site 33_11-13-2021/Data for Site #33 11-13-21.xlsx","0.0",NA,NA,NA,"0","GALLONS",NA,"   ft3","33.0","33.0","44513.0","0.15","0.75","0.1","0.0","1","0.05","0.15","0.0","0.8","1",NA,"33.0","Downstream of Castro Racnh Rd EBMUD (3rd of 3 by this team)","probabilistic","Mary, Ann, Damien, Megan","44513.0","0.4791666666666667","AM","0.5","AM","37.9752","37.9749","-122.2502","-122.2501","Pinole Creek","GoogleEarth (NAD 83)","HARD","(Facing Downstream)","HARD","(Facing Downstream)","Natural","No addtional types","No addtional types","No addtional types","no others","YES","98.0","ft","7.667","8.333","3.0","ft","32.667","23.91666667","34.0","ft","32.667","23.91666667","34.0","ft","YES","0.0","no outfalls = or >18""","no outfalls = or >18""","no outfalls = or >18""","no outfalls = or >18""","NO","NO","NO","NO","no trash","no trash","no trash","no trash","NO",NA
"Metal Other (describe)",0,"33.0","44513.0","Metal","Site 33_11-13-2021/Data for Site #33 11-13-21.xlsx","0.0",NA,NA,NA,"0","GALLONS",NA,"   ft3","33.0","33.0","44513.0","0.15","0.75","0.1","0.0","1","0.05","0.15","0.0","0.8","1",NA,"33.0","Downstream of Castro Racnh Rd EBMUD (3rd of 3 by this team)","probabilistic","Mary, Ann, Damien, Megan","44513.0","0.4791666666666667","AM","0.5","AM","37.9752","37.9749","-122.2502","-122.2501","Pinole Creek","GoogleEarth (NAD 83)","HARD","(Facing Downstream)","HARD","(Facing Downstream)","Natural","No addtional types","No addtional types","No addtional types","no others","YES","98.0","ft","7.667","8.333","3.0","ft","32.667","23.91666667","34.0","ft","32.667","23.91666667","34.0","ft","YES","0.0","no outfalls = or >18""","no outfalls = or >18""","no outfalls = or >18""","no outfalls = or >18""","NO","NO","NO","NO","no trash","no trash","no trash","no trash","NO",NA
"Ceramic Pots/Shards",0,"33.0","44513.0","Miscellaneous","Site 33_11-13-2021/Data for Site #33 11-13-21.xlsx","0.0",NA,NA,NA,"0","GALLONS",NA,"   ft3","33.0","33.0","44513.0","0.15","0.75","0.1","0.0","1","0.05","0.15","0.0","0.8","1",NA,"33.0","Downstream of Castro Racnh Rd EBMUD (3rd of 3 by this team)","probabilistic","Mary, Ann, Damien, Megan","44513.0","0.4791666666666667","AM","0.5","AM","37.9752","37.9749","-122.2502","-122.2501","Pinole Creek","GoogleEarth (NAD 83)","HARD","(Facing Downstream)","HARD","(Facing Downstream)","Natural","No addtional types","No addtional types","No addtional types","no others","YES","98.0","ft","7.667","8.333","3.0","ft","32.667","23.91666667","34.0","ft","32.667","23.91666667","34.0","ft","YES","0.0","no outfalls = or >18""","no outfalls = or >18""","no outfalls = or >18""","no outfalls = or >18""","NO","NO","NO","NO","no trash","no trash","no trash","no trash","NO",NA
"E-waste",0,"33.0","44513.0","Miscellaneous","Site 33_11-13-2021/Data for Site #33 11-13-21.xlsx","0.0",NA,NA,NA,"0","GALLONS",NA,"   ft3","33.0","33.0","44513.0","0.15","0.75","0.1","0.0","1","0.05","0.15","0.0","0.8","1",NA,"33.0","Downstream of Castro Racnh Rd EBMUD (3rd of 3 by this team)","probabilistic","Mary, Ann, Damien, Megan","44513.0","0.4791666666666667","AM","0.5","AM","37.9752","37.9749","-122.2502","-122.2501","Pinole Creek","GoogleEarth (NAD 83)","HARD","(Facing Downstream)","HARD","(Facing Downstream)","Natural","No addtional types","No addtional types","No addtional types","no others","YES","98.0","ft","7.667","8.333","3.0","ft","32.667","23.91666667","34.0","ft","32.667","23.91666667","34.0","ft","YES","0.0","no outfalls = or >18""","no outfalls = or >18""","no outfalls = or >18""","no outfalls = or >18""","NO","NO","NO","NO","no trash","no trash","no trash","no trash","NO",NA
"Foam rubber",0,"33.0","44513.0","Miscellaneous","Site 33_11-13-2021/Data for Site #33 11-13-21.xlsx","0.0",NA,NA,NA,"0","GALLONS",NA,"   ft3","33.0","33.0","44513.0","0.15","0.75","0.1","0.0","1","0.05","0.15","0.0","0.8","1",NA,"33.0","Downstream of Castro Racnh Rd EBMUD (3rd of 3 by this team)","probabilistic","Mary, Ann, Damien, Megan","44513.0","0.4791666666666667","AM","0.5","AM","37.9752","37.9749","-122.2502","-122.2501","Pinole Creek","GoogleEarth (NAD 83)","HARD","(Facing Downstream)","HARD","(Facing Downstream)","Natural","No addtional types","No addtional types","No addtional types","no others","YES","98.0","ft","7.667","8.333","3.0","ft","32.667","23.91666667","34.0","ft","32.667","23.91666667","34.0","ft","YES","0.0","no outfalls = or >18""","no outfalls = or >18""","no outfalls = or >18""","no outfalls = or >18""","NO","NO","NO","NO","no trash","no trash","no trash","no trash","NO",NA
"Hose/Hose Pieces",0,"33.0","44513.0","Miscellaneous","Site 33_11-13-2021/Data for Site #33 11-13-21.xlsx","0.0",NA,NA,NA,"0","GALLONS",NA,"   ft3","33.0","33.0","44513.0","0.15","0.75","0.1","0.0","1","0.05","0.15","0.0","0.8","1",NA,"33.0","Downstream of Castro Racnh Rd EBMUD (3rd of 3 by this team)","probabilistic","Mary, Ann, Damien, Megan","44513.0","0.4791666666666667","AM","0.5","AM","37.9752","37.9749","-122.2502","-122.2501","Pinole Creek","GoogleEarth (NAD 83)","HARD","(Facing Downstream)","HARD","(Facing Downstream)","Natural","No addtional types","No addtional types","No addtional types","no others","YES","98.0","ft","7.667","8.333","3.0","ft","32.667","23.91666667","34.0","ft","32.667","23.91666667","34.0","ft","YES","0.0","no outfalls = or >18""","no outfalls = or >18""","no outfalls = or >18""","no outfalls = or >18""","NO","NO","NO","NO","no trash","no trash","no trash","no trash","NO",NA
"Mylar balloons",0,"33.0","44513.0","Miscellaneous","Site 33_11-13-2021/Data for Site #33 11-13-21.xlsx","0.0",NA,NA,NA,"0","GALLONS",NA,"   ft3","33.0","33.0","44513.0","0.15","0.75","0.1","0.0","1","0.05","0.15","0.0","0.8","1",NA,"33.0","Downstream of Castro Racnh Rd EBMUD (3rd of 3 by this team)","probabilistic","Mary, Ann, Damien, Megan","44513.0","0.4791666666666667","AM","0.5","AM","37.9752","37.9749","-122.2502","-122.2501","Pinole Creek","GoogleEarth (NAD 83)","HARD","(Facing Downstream)","HARD","(Facing Downstream)","Natural","No addtional types","No addtional types","No addtional types","no others","YES","98.0","ft","7.667","8.333","3.0","ft","32.667","23.91666667","34.0","ft","32.667","23.91666667","34.0","ft","YES","0.0","no outfalls = or >18""","no outfalls = or >18""","no outfalls = or >18""","no outfalls = or >18""","NO","NO","NO","NO","no trash","no trash","no trash","no trash","NO",NA
"Rubber/Rubber Pieces",0,"33.0","44513.0","Miscellaneous","Site 33_11-13-2021/Data for Site #33 11-13-21.xlsx","0.0",NA,NA,NA,"0","GALLONS",NA,"   ft3","33.0","33.0","44513.0","0.15","0.75","0.1","0.0","1","0.05","0.15","0.0","0.8","1",NA,"33.0","Downstream of Castro Racnh Rd EBMUD (3rd of 3 by this team)","probabilistic","Mary, Ann, Damien, Megan","44513.0","0.4791666666666667","AM","0.5","AM","37.9752","37.9749","-122.2502","-122.2501","Pinole Creek","GoogleEarth (NAD 83)","HARD","(Facing Downstream)","HARD","(Facing Downstream)","Natural","No addtional types","No addtional types","No addtional types","no others","YES","98.0","ft","7.667","8.333","3.0","ft","32.667","23.91666667","34.0","ft","32.667","23.91666667","34.0","ft","YES","0.0","no outfalls = or >18""","no outfalls = or >18""","no outfalls = or >18""","no outfalls = or >18""","NO","NO","NO","NO","no trash","no trash","no trash","no trash","NO",NA
"Sports Balls",0,"33.0","44513.0","Miscellaneous","Site 33_11-13-2021/Data for Site #33 11-13-21.xlsx","0.0",NA,NA,NA,"0","GALLONS",NA,"   ft3","33.0","33.0","44513.0","0.15","0.75","0.1","0.0","1","0.05","0.15","0.0","0.8","1",NA,"33.0","Downstream of Castro Racnh Rd EBMUD (3rd of 3 by this team)","probabilistic","Mary, Ann, Damien, Megan","44513.0","0.4791666666666667","AM","0.5","AM","37.9752","37.9749","-122.2502","-122.2501","Pinole Creek","GoogleEarth (NAD 83)","HARD","(Facing Downstream)","HARD","(Facing Downstream)","Natural","No addtional types","No addtional types","No addtional types","no others","YES","98.0","ft","7.667","8.333","3.0","ft","32.667","23.91666667","34.0","ft","32.667","23.91666667","34.0","ft","YES","0.0","no outfalls = or >18""","no outfalls = or >18""","no outfalls = or >18""","no outfalls = or >18""","NO","NO","NO","NO","no trash","no trash","no trash","no trash","NO",NA
"Waxed Paper Cups/Plates",0,"33.0","44513.0","Miscellaneous","Site 33_11-13-2021/Data for Site #33 11-13-21.xlsx","0.0",NA,NA,NA,"0","GALLONS",NA,"   ft3","33.0","33.0","44513.0","0.15","0.75","0.1","0.0","1","0.05","0.15","0.0","0.8","1",NA,"33.0","Downstream of Castro Racnh Rd EBMUD (3rd of 3 by this team)","probabilistic","Mary, Ann, Damien, Megan","44513.0","0.4791666666666667","AM","0.5","AM","37.9752","37.9749","-122.2502","-122.2501","Pinole Creek","GoogleEarth (NAD 83)","HARD","(Facing Downstream)","HARD","(Facing Downstream)","Natural","No addtional types","No addtional types","No addtional types","no others","YES","98.0","ft","7.667","8.333","3.0","ft","32.667","23.91666667","34.0","ft","32.667","23.91666667","34.0","ft","YES","0.0","no outfalls = or >18""","no outfalls = or >18""","no outfalls = or >18""","no outfalls = or >18""","NO","NO","NO","NO","no trash","no trash","no trash","no trash","NO",NA
"Misc. Other  (describe)",0,"33.0","44513.0","Miscellaneous","Site 33_11-13-2021/Data for Site #33 11-13-21.xlsx","0.0",NA,NA,NA,"0","GALLONS",NA,"   ft3","33.0","33.0","44513.0","0.15","0.75","0.1","0.0","1","0.05","0.15","0.0","0.8","1",NA,"33.0","Downstream of Castro Racnh Rd EBMUD (3rd of 3 by this team)","probabilistic","Mary, Ann, Damien, Megan","44513.0","0.4791666666666667","AM","0.5","AM","37.9752","37.9749","-122.2502","-122.2501","Pinole Creek","GoogleEarth (NAD 83)","HARD","(Facing Downstream)","HARD","(Facing Downstream)","Natural","No addtional types","No addtional types","No addtional types","no others","YES","98.0","ft","7.667","8.333","3.0","ft","32.667","23.91666667","34.0","ft","32.667","23.91666667","34.0","ft","YES","0.0","no outfalls = or >18""","no outfalls = or >18""","no outfalls = or >18""","no outfalls = or >18""","NO","NO","NO","NO","no trash","no trash","no trash","no trash","NO",NA
